<?xml version="1.0" encoding="UTF-8"?>
<con:config xmlns:con="http://www.sourceid.org/2004/05/config">
    <con:item name="AutoCreateCertOnEngineNode">true</con:item>
    <con:list name="ActiveServerAliases">
        <con:ListItem>oj3cxgebn4rhfpte0xp5s9q8h</con:ListItem>
        <con:ListItem>vtcm75en83g6v1r87ytm7lihi</con:ListItem>
    </con:list>
    <con:list name="ActiveAdminServerAliases">
        <con:ListItem>oj3cxgebn4rhfpte0xp5s9q8h</con:ListItem>
        <con:ListItem>vtcm75en83g6v1r87ytm7lihi</con:ListItem>
    </con:list>
    <con:item name="DefaultActiveServerAlias">vtcm75en83g6v1r87ytm7lihi</con:item>
    <con:item name="DefaultActiveAdminServerAlias">vtcm75en83g6v1r87ytm7lihi</con:item>
</con:config>