<?xml version="1.0" encoding="UTF-8"?>
<mu:metadataUrls xmlns:mu="http://pingidentity.com/2015/01/metadata-url">
    <mu:metadataUrlCertType>
        <mu:id>D1dils9ikhVnAVbQpDbE2Nopl</mu:id>
        <mu:name>SAMLTestSP</mu:name>
        <mu:metadataUrl>https://samltest.id/saml/sp</mu:metadataUrl>
        <mu:validateSignature>false</mu:validateSignature>
    </mu:metadataUrlCertType>
    <mu:metadataUrlCertType>
        <mu:id>IwuqxHvqXYf8ZLF7lK5jE6zb0</mu:id>
        <mu:name>IAMShowcase</mu:name>
        <mu:metadataUrl>https://sptest.iamshowcase.com/testsp_metadata.xml</mu:metadataUrl>
        <mu:validateSignature>false</mu:validateSignature>
    </mu:metadataUrlCertType>
</mu:metadataUrls>