<?xml version="1.0" encoding="UTF-8"?>
<urn:PluginConfiguration isInheritExtendedContractAttributes="false" name="simplePCV" xmlns:urn="urn:sourceid.org:saml2:adapter:conf">
    <urn:Fields/>
    <urn:AdvancedFields/>
    <urn:Tables>
        <urn:Table name="Users">
            <urn:Row defaultRow="false">
                <urn:Field name="Username">joel</urn:Field>
                <urn:Field name="Password">U-IXHYt2v6yTlB_jd0UQBaHZjwFgGP7KSnGKR00o62c.oTOcYXSa.2</urn:Field>
                <urn:Field name="Confirm Password">zQMQE1Gm_Cg9oCNOIWsBoGKjWq2vuWHwJPok4HpSft4.1AwaCtK1.2</urn:Field>
                <urn:Field name="Relax Password Requirements">true</urn:Field>
            </urn:Row>
            <urn:Row defaultRow="false">
                <urn:Field name="Username">test</urn:Field>
                <urn:Field name="Password">5wvD_MlYjmWuczndttxFD_s4q1BOoMJJ8kGQXKqcSKQ.Fw9a271Y.2</urn:Field>
                <urn:Field name="Confirm Password">MDMKtZ_Cya9ZqW0lxk65B_I4YKpPX6SzEX2BZtgKjW4.bwh5Vfrr.2</urn:Field>
                <urn:Field name="Relax Password Requirements">true</urn:Field>
            </urn:Row>
        </urn:Table>
    </urn:Tables>
</urn:PluginConfiguration>