<?xml version="1.0" encoding="UTF-8"?>
<urn:PluginConfiguration isInheritExtendedContractAttributes="false" name="SimplePCV" xmlns:urn="urn:sourceid.org:saml2:adapter:conf">
    <urn:Fields/>
    <urn:AdvancedFields/>
    <urn:Tables>
        <urn:Table name="Users">
            <urn:Row defaultRow="false">
                <urn:Field name="Username">user</urn:Field>
                <urn:Field name="Password">w4u0sn5FLNQaQcYCGsHnqH7xx6ofTaZwZBLO3ANaO4w.na43E1pB.2</urn:Field>
                <urn:Field name="Confirm Password">UanMonYjlko4MiF1cuxrJK9z8vGn1ASeDmlaN7ZC8SQ.kpMOiQEI.2</urn:Field>
                <urn:Field name="Relax Password Requirements">true</urn:Field>
            </urn:Row>
            <urn:Row defaultRow="false">
                <urn:Field name="Username">joelrader+channel@pingidentity.com</urn:Field>
                <urn:Field name="Password">PocMhw-BbEVjVzfPzrOFHOxBt8EOJwfeVyykgCRgsdQ.mYlU11aq.2</urn:Field>
                <urn:Field name="Confirm Password">mrGLkGjak39dQrPsTssJuiiSwc3D4TsFChlYcwK8hVs.EBG2n6J1.2</urn:Field>
                <urn:Field name="Relax Password Requirements">true</urn:Field>
            </urn:Row>
        </urn:Table>
    </urn:Tables>
</urn:PluginConfiguration>