<?xml version="1.0" encoding="UTF-8"?>
<met:metadataNotificationSettings xmlns:met="http://pingidentity.com/2015/01/metadata-notification">
    <met:metadataNotificationType>
        <met:urlId>IwuqxHvqXYf8ZLF7lK5jE6zb0</met:urlId>
        <met:notificationSent>false</met:notificationSent>
    </met:metadataNotificationType>
    <met:metadataNotificationType>
        <met:urlId>D1dils9ikhVnAVbQpDbE2Nopl</met:urlId>
        <met:notificationSent>false</met:notificationSent>
    </met:metadataNotificationType>
</met:metadataNotificationSettings>